<?xml version="1.0" encoding="UTF-8" standalone="yes"?><ns2:mediapackage start="2012-06-22T16:52:00Z" id="23a0c0b0-fa65-44f8-9849-60343dbe429b" duration="137903" xmlns:ns2="http://mediapackage.opencastproject.org"><title>Poo</title><media><track type="presenter/source" id="track-1"><mimetype>video/mp4</mimetype><tags/><url>track-1/videolong.mp4</url><checksum type="md5">75d37c224516ec78cd39e33d040b7860</checksum><duration>137903</duration><audio id="audio-1"><device/><encoder type="AAC"/><channels>2</channels><bitrate>111344.0</bitrate></audio><video id="video-1"><device/><encoder type="AVC"/><bitrate>433370.0</bitrate><framerate>29.934</framerate><resolution>854x480</resolution><scantype type="Progressive"/></video></track></media><metadata><catalog type="dublincore/episode" id="1f9b633a-7b49-4352-9a84-42c57c38d21f"><mimetype>text/xml</mimetype><tags/><url>1f9b633a-7b49-4352-9a84-42c57c38d21f/dublincore.xml</url></catalog></metadata><attachments/></ns2:mediapackage>